{"schemaVersion":"1.0","appDefinitionTemplate":{"id":"/providers/Microsoft.PowerApps/apps/","type":"Microsoft.PowerApps/apps","tags":{"primaryDeviceWidth":"1366","primaryDeviceHeight":"768","sienaVersion":"20201204T001054Z-3.20112.43.0","deviceCapabilities":"","supportsPortrait":"false","supportsLandscape":"true","primaryFormFactor":"Tablet","publisherVersion":"3.20112.43","minimumRequiredApiVersion":"2.2.0","hasComponent":"false","hasUnlockedComponent":"false","isUnifiedRootApp":"false"},"properties":{"appVersion":"2020-12-04T00:10:54Z","lifeCycleId":"Published","createdByClientVersion":{"major":3,"minor":20112,"build":43,"revision":0,"majorRevision":0,"minorRevision":0},"minClientVersion":{"major":3,"minor":20112,"build":43,"revision":0,"majorRevision":0,"minorRevision":0},"backgroundColor":"rgba(0, 123, 182, 1)","backgroundImageUri":"/13910909684248951711/Na2725b95-33ab-4810-b9bc-38fe1e76ad5e-logoSmallFile","displayName":"Shoutouts","description":"This fun app encourages coworkers to share job-related compliments, including automated email notifications sent to recipients' managers.","commitMessage":"","appUris":{"documentUri":{"value":"/13910909684248951711/Nd9522579-f616-451e-b3a1-41b6059a4b33-document.msapp"},"imageUris":[]},"createdTime":"0001-01-01T00:00:00Z","lastModifiedTime":"0001-01-01T00:00:00Z","sharedGroupsCount":0,"sharedUsersCount":0,"icons":{"smallIconUri":"/13910909684248951711/N600267bd-9abc-4d6e-a379-036858ebf790-small.png","mediumIconUri":"/13910909684248951711/N4eceff2c-70e1-4b23-a9a6-5762ed25ec1c-medium.png","largeIconUri":"/13910909684248951711/Na4d287ea-69d6-4c19-a7b7-4367f409b5aa-large.png","wideIconUri":"/13910909684248951711/N5e6cacc3-1dbd-4a6f-a87e-c0806bdf2237-wide.png"},"connectionReferences":{"16968ad3-ece8-4f2a-a423-ec693b781a48":{"id":"33efb02c-7562-4196-8f73-d22d4628ed4e","displayName":"Office 365 Users","iconUri":"https://connectoricons-prod.azureedge.net/releases/v1.0.1411/1.0.1411.2206/office365users/icon.png","dataSources":["Office365Users"],"dependencies":[],"dependents":[],"parameterHints":{},"isOnPremiseConnection":false,"bypassConsent":false,"dataSets":{},"apiTier":"Standard","isCustomApiConnection":false,"actions":["MyProfile","RelevantPeople","UserPhotoMetadata","UserPhoto","Manager","SearchUser","UserProfile"]},"6359db2e-525d-4096-a467-90652c40c160":{"id":"30711628-0e5f-407d-a6cc-49dd73e8342d","displayName":"Office 365 Outlook","iconUri":"https://connectoricons-prod.azureedge.net/releases/v1.0.1411/1.0.1411.2206/office365/icon.png","dataSources":["Office365"],"dependencies":[],"dependents":[],"parameterHints":{},"isOnPremiseConnection":false,"bypassConsent":false,"dataSets":{},"apiTier":"Standard","isCustomApiConnection":false},"b8c100be-01db-4cff-a557-70ed5edcfcab":{"id":"8f349074-5d2d-42cb-8dff-d88a35b4b3b5","displayName":"SharePoint","iconUri":"https://connectoricons-prod.azureedge.net/releases/v1.0.1416/1.0.1416.2233/sharepointonline/icon.png","dataSources":["Shoutout","ShoutoutCreators","ShoutoutSummary"],"dependencies":[],"dependents":[],"parameterHints":{},"isOnPremiseConnection":false,"bypassConsent":false,"dataSets":{"https://m365x257948.sharepoint.com/sites/ShoutOuts":{"dataSources":{"Shoutout":{"tableName":"7c350ca4-b9df-46a6-95ab-37004de1b58c"},"ShoutoutCreators":{"tableName":"04a2d197-50a5-4ad2-85f3-ec38322663a7"},"ShoutoutSummary":{"tableName":"8ff7ba0d-f8cf-4e82-b8b0-539b401d89af"}}}},"apiTier":"Standard","isCustomApiConnection":false}},"databaseReferences":{},"almMode":"Environment","performanceOptimizationEnabled":true,"canConsumeAppPass":true,"executionRestrictions":{"isTeamsOnly":false,"dataLossPreventionEvaluationResult":{"status":"Compliant","lastEvaluationDate":"2020-12-01T20:00:01.3483864Z","violationDetails":[]}}},"isAppComponentLibrary":false,"appType":"ClassicCanvasApp","appComponents":[]}}